mean_curvature,max_curvature,min_curvature,std_deviation,total_energy,quantum_density
-5.918258699001414e-07,0.10295548935351953,-0.11605578759814557,0.02239402520555522,17872.73221979966,1.1058113942242743e+33
