mean_curvature,max_curvature,min_curvature,std_deviation
-7.320304479322094e-06,0.0517433248569623,-0.05840155396095525,0.011185763116410907
