{
  "puzzle_id": "2072aba6",
  "phase": "training",
  "grid_size": 32,
  "train_examples": 3,
  "epochs": [
    1,
    2,
    3,
    4,
    5,
    6,
    7,
    8,
    9,
    10,
    11,
    12,
    13,
    14,
    15,
    16,
    17,
    18,
    19,
    20,
    21,
    22,
    23,
    24,
    25,
    26,
    27,
    28,
    29,
    30,
    31,
    32,
    33,
    34,
    35,
    36,
    37,
    38,
    39,
    40,
    41,
    42,
    43,
    44,
    45,
    46,
    47,
    48,
    49,
    50
  ],
  "loss_history": [
    0.48499200547162147,
    0.4866626320322259,
    0.4859815499143367,
    0.48540485264261485,
    0.4823390563875902,
    0.48239829496405884,
    0.48460042299129585,
    0.48291054794841726,
    0.4835510922183663,
    0.4849279634564803,
    0.4837591158416416,
    0.48249411575041506,
    0.4825614919274311,
    0.4843986149850396,
    0.4839059038031048,
    0.48453340153667,
    0.48404710812060836,
    0.4857572148161459,
    0.4846268377653746,
    0.48245564852489126,
    0.4839332346119803,
    0.484904821941121,
    0.48594355566229014,
    0.48720388711733187,
    0.4869507689289085,
    0.48700548806335014,
    0.48857555238147715,
    0.48992069090580515,
    0.489879293009204,
    0.4903406569074565,
    0.48924443680907603,
    0.4892401134030319,
    0.48948624636306204,
    0.48933828807277324,
    0.4891150005080125,
    0.4864790132074462,
    0.48527331313232924,
    0.4864893118923223,
    0.4877305359259196,
    0.4857013956796101,
    0.48298634453161204,
    0.4849725719847888,
    0.48560004546171937,
    0.4845087327674485,
    0.48580286962712743,
    0.48703247034698016,
    0.48676396994461363,
    0.48895752770605827,
    0.4888646180988518,
    0.4870427870666738
  ],
  "time_per_epoch": [
    0.00013875961303710938,
    0.00012731552124023438,
    8.440017700195312e-05,
    0.0002002716064453125,
    8.082389831542969e-05,
    0.00010848045349121094,
    0.00011372566223144531,
    8.559226989746094e-05,
    0.00035071372985839844,
    0.0001614093780517578,
    0.00011348724365234375,
    8.916854858398438e-05,
    7.200241088867188e-05,
    0.0004858970642089844,
    6.008148193359375e-05,
    0.0001316070556640625,
    0.00012087821960449219,
    8.893013000488281e-05,
    6.031990051269531e-05,
    9.298324584960938e-05,
    9.107589721679688e-05,
    7.414817810058594e-05,
    5.14984130859375e-05,
    6.67572021484375e-05,
    7.081031799316406e-05,
    7.152557373046875e-05,
    0.0004954338073730469,
    8.630752563476562e-05,
    5.340576171875e-05,
    8.368492126464844e-05,
    0.00011873245239257812,
    0.0002224445343017578,
    0.0001983642578125,
    7.62939453125e-05,
    0.00019788742065429688,
    9.870529174804688e-05,
    5.221366882324219e-05,
    9.465217590332031e-05,
    6.771087646484375e-05,
    7.2479248046875e-05,
    9.5367431640625e-05,
    9.012222290039062e-05,
    9.012222290039062e-05,
    9.083747863769531e-05,
    7.104873657226562e-05,
    5.316734313964844e-05,
    7.224082946777344e-05,
    5.340576171875e-05,
    7.390975952148438e-05,
    9.703636169433594e-05
  ],
  "total_time": 0.032794952392578125,
  "converged": false,
  "final_epoch": 50,
  "final_loss": 0.4870427870666738,
  "processing_result": {
    "status": "PASS",
    "error": null,
    "detailed_metrics": {}
  }
}