mean_curvature,max_curvature,min_curvature,std_deviation
3.3436884039726165e-05,0.03115655379956452,-0.02974523595400845,0.007065335256957215
