puzzle_id,phase,status,duration,grid_size
0934a4d8,evaluation,PASS,0.08238601684570312,32
135a2760,evaluation,PASS,0.09839844703674316,32
136b0064,evaluation,PASS,0.05350375175476074,32
