puzzle_id,phase,status,duration,grid_size
00576224,test,PASS,0.0764768123626709,32
007bbfb7,test,PASS,0.07331323623657227,32
009d5c81,test,PASS,0.047063589096069336,32
