puzzle_id,phase,status,duration,error
135a2760,evaluation,PASS,0.04069948196411133,
0934a4d8,evaluation,PASS,0.04721522331237793,
136b0064,evaluation,PASS,0.05487775802612305,
