puzzle_id,phase,status,duration,error
00576224,training,PASS,0.24565982818603516,
007bbfb7,training,PASS,0.30578088760375977,
00d62c1b,training,PASS,0.33864665031433105,
00dbd492,training,PASS,0.3438591957092285,
009d5c81,training,PASS,0.3833343982696533,
045e512c,training,PASS,0.31316494941711426,
0520fde7,training,PASS,0.33020639419555664,
025d127b,training,PASS,0.3395118713378906,
03560426,training,PASS,0.35835981369018555,
017c7c7b,training,PASS,0.4091658592224121,
