{
  "total_puzzles": 3,
  "successful_puzzles": 3,
  "success_rate": 100.0,
  "total_duration": 0.14417076110839844,
  "average_duration_per_puzzle": 0.04805692036946615,
  "timestamp": "20250514_181752"
}