{
  "total_puzzles": 3,
  "successful_puzzles": 3,
  "success_rate": 100.0,
  "total_duration": 0.16575193405151367,
  "average_duration_per_puzzle": 0.05525064468383789,
  "timestamp": "20250514_181752"
}