puzzle_id,phase,status,duration,error
007bbfb7,test,PASS,0.050188541412353516,
00576224,test,PASS,0.05607295036315918,
009d5c81,test,PASS,0.05833697319030762,
