{
  "total_puzzles": 10,
  "successful_puzzles": 10,
  "success_rate": 100.0,
  "total_duration": 1.1465649604797363,
  "average_duration_per_puzzle": 0.11465649604797364,
  "timestamp": "20250514_181752"
}