{
  "puzzle_id": "b9b7f026",
  "phase": "training",
  "grid_size": 32,
  "train_examples": 3,
  "epochs": [
    1,
    2,
    3,
    4,
    5,
    6,
    7,
    8,
    9,
    10,
    11,
    12,
    13,
    14,
    15,
    16,
    17,
    18,
    19,
    20,
    21,
    22,
    23,
    24,
    25,
    26,
    27,
    28,
    29,
    30,
    31,
    32,
    33,
    34,
    35,
    36,
    37,
    38,
    39,
    40,
    41,
    42,
    43,
    44,
    45,
    46,
    47,
    48,
    49,
    50
  ],
  "loss_history": [
    0.596393327231426,
    0.5964330657406546,
    0.5983698166464394,
    0.597769533223066,
    0.5953916223513084,
    0.5944554072510648,
    0.5939150483510579,
    0.5945005803626725,
    0.5970437655772178,
    0.5958405452875243,
    0.597544091220689,
    0.5957047374643278,
    0.5969544625635063,
    0.5988492238006736,
    0.6020556311903297,
    0.5992118447345319,
    0.5991062038510563,
    0.5987490768138978,
    0.5966681277343951,
    0.5965558525011604,
    0.5965141976202282,
    0.5992307930933669,
    0.6016982193375056,
    0.6020277636795656,
    0.6000737156930572,
    0.5991904225116071,
    0.5992090613627327,
    0.5980287707402027,
    0.5971568161855308,
    0.5968010723004951,
    0.6005505235882547,
    0.6003487035216911,
    0.6023656952580412,
    0.6029423413495054,
    0.6049765091829907,
    0.6055401252868761,
    0.6046276912690677,
    0.6048149481970055,
    0.6029828833068708,
    0.6032984115844559,
    0.6015984158886652,
    0.6012081313240736,
    0.6020463363341242,
    0.5997661304245999,
    0.6004477900479707,
    0.6016570240450226,
    0.6010784707481509,
    0.596654549659888,
    0.5946487669119769,
    0.5945573085061219
  ],
  "time_per_epoch": [
    8.296966552734375e-05,
    6.771087646484375e-05,
    5.507469177246094e-05,
    0.00014519691467285156,
    0.0001468658447265625,
    5.316734313964844e-05,
    5.8650970458984375e-05,
    4.7206878662109375e-05,
    7.224082946777344e-05,
    7.343292236328125e-05,
    0.00010085105895996094,
    6.151199340820312e-05,
    5.841255187988281e-05,
    4.935264587402344e-05,
    5.030632019042969e-05,
    5.745887756347656e-05,
    8.58306884765625e-05,
    6.389617919921875e-05,
    6.246566772460938e-05,
    8.416175842285156e-05,
    6.413459777832031e-05,
    0.00010919570922851562,
    6.866455078125e-05,
    6.937980651855469e-05,
    7.200241088867188e-05,
    0.00010275840759277344,
    6.914138793945312e-05,
    7.033348083496094e-05,
    7.2479248046875e-05,
    8.0108642578125e-05,
    8.702278137207031e-05,
    8.0108642578125e-05,
    7.581710815429688e-05,
    0.00010752677917480469,
    8.177757263183594e-05,
    7.200241088867188e-05,
    7.486343383789062e-05,
    8.893013000488281e-05,
    9.274482727050781e-05,
    7.82012939453125e-05,
    7.915496826171875e-05,
    6.890296936035156e-05,
    0.00030422210693359375,
    7.843971252441406e-05,
    8.7738037109375e-05,
    8.058547973632812e-05,
    7.176399230957031e-05,
    7.891654968261719e-05,
    7.62939453125e-05,
    7.462501525878906e-05
  ],
  "total_time": 0.03277277946472168,
  "converged": false,
  "final_epoch": 50,
  "final_loss": 0.5945573085061219,
  "processing_result": {
    "status": "PASS",
    "error": null,
    "detailed_metrics": {}
  }
}