{
  "puzzle_id": "332202d5",
  "phase": "training",
  "grid_size": 32,
  "train_examples": 3,
  "epochs": [
    1,
    2,
    3,
    4,
    5,
    6,
    7,
    8,
    9,
    10,
    11,
    12,
    13,
    14,
    15,
    16,
    17,
    18,
    19,
    20,
    21,
    22,
    23,
    24,
    25,
    26,
    27,
    28,
    29,
    30,
    31,
    32,
    33,
    34,
    35,
    36,
    37,
    38,
    39,
    40,
    41,
    42,
    43,
    44,
    45,
    46,
    47,
    48,
    49,
    50
  ],
  "loss_history": [
    0.485822030861707,
    0.4848023716121501,
    0.4840618753671461,
    0.48272257810138913,
    0.48217847751670667,
    0.481394968819576,
    0.4804455642759004,
    0.48030075353266793,
    0.47702739505834213,
    0.4771419634900181,
    0.4771138532232965,
    0.47663648941885955,
    0.47697532183181196,
    0.4769101119680452,
    0.4762454817925727,
    0.47827696351818716,
    0.4778242878666347,
    0.47528450404168504,
    0.47783736162691265,
    0.4775781617158484,
    0.47737662220494936,
    0.4774360456272906,
    0.4775488556351229,
    0.47986942310497877,
    0.48112042779309916,
    0.48259802490151876,
    0.48129330342059545,
    0.48231318064048384,
    0.4842859739453596,
    0.48433210548377287,
    0.48588000419343147,
    0.48641541445581105,
    0.48457442411586005,
    0.4829620848827825,
    0.4829539697706169,
    0.48118102965955484,
    0.48134004896839605,
    0.4809575580579925,
    0.47994763447669914,
    0.4779015515229137,
    0.47694871438954084,
    0.47591833026604385,
    0.478012774655378,
    0.4776503427691892,
    0.4753890152260724,
    0.4741339045221908,
    0.4736081299113499,
    0.47402493921404193,
    0.4730048969293743,
    0.4723442510197902
  ],
  "time_per_epoch": [
    0.00015997886657714844,
    6.961822509765625e-05,
    0.0002193450927734375,
    0.0005600452423095703,
    0.00010728836059570312,
    0.00012063980102539062,
    6.628036499023438e-05,
    6.532669067382812e-05,
    0.00038170814514160156,
    7.295608520507812e-05,
    6.127357482910156e-05,
    5.3882598876953125e-05,
    8.845329284667969e-05,
    9.202957153320312e-05,
    0.00017118453979492188,
    8.988380432128906e-05,
    6.818771362304688e-05,
    6.318092346191406e-05,
    8.940696716308594e-05,
    0.00014400482177734375,
    7.557868957519531e-05,
    0.0001423358917236328,
    0.00012111663818359375,
    0.0001819133758544922,
    6.151199340820312e-05,
    9.584426879882812e-05,
    9.465217590332031e-05,
    0.00016307830810546875,
    9.298324584960938e-05,
    8.940696716308594e-05,
    0.00014138221740722656,
    8.296966552734375e-05,
    9.083747863769531e-05,
    0.00011515617370605469,
    9.703636169433594e-05,
    8.440017700195312e-05,
    8.535385131835938e-05,
    9.751319885253906e-05,
    0.00014090538024902344,
    8.416175842285156e-05,
    8.511543273925781e-05,
    9.226799011230469e-05,
    0.0001780986785888672,
    8.845329284667969e-05,
    7.891654968261719e-05,
    8.606910705566406e-05,
    0.00019097328186035156,
    7.700920104980469e-05,
    5.459785461425781e-05,
    7.534027099609375e-05
  ],
  "total_time": 0.032794952392578125,
  "converged": false,
  "final_epoch": 50,
  "final_loss": 0.4723442510197902,
  "processing_result": {
    "status": "PASS",
    "error": null,
    "detailed_metrics": {}
  }
}