{
  "puzzle_id": "4364c1c4",
  "phase": "training",
  "grid_size": 32,
  "train_examples": 3,
  "epochs": [
    1,
    2,
    3,
    4,
    5,
    6,
    7,
    8,
    9,
    10,
    11,
    12,
    13,
    14,
    15,
    16,
    17,
    18,
    19,
    20,
    21,
    22,
    23,
    24,
    25,
    26,
    27,
    28,
    29,
    30,
    31,
    32,
    33,
    34,
    35,
    36,
    37,
    38,
    39,
    40,
    41,
    42,
    43,
    44,
    45,
    46,
    47,
    48,
    49,
    50,
    51,
    52,
    53,
    54,
    55,
    56,
    57,
    58,
    59,
    60,
    61,
    62,
    63,
    64,
    65,
    66,
    67,
    68,
    69,
    70,
    71,
    72,
    73,
    74,
    75,
    76,
    77,
    78,
    79,
    80,
    81,
    82,
    83,
    84,
    85,
    86,
    87,
    88,
    89,
    90,
    91,
    92,
    93,
    94,
    95,
    96,
    97,
    98,
    99,
    100
  ],
  "loss_history": [
    0.4986767922971318,
    0.4820760449173925,
    0.44613287036873905,
    0.43197633712178973,
    0.42314198866821573,
    0.4100867690197449,
    0.3996624324634266,
    0.4220017969036714,
    0.44132765794052337,
    0.46699169518963757,
    0.5021217358883692,
    0.5065025350214256,
    0.48647080038940843,
    0.5081643894413737,
    0.5338791278876186,
    0.5772110011683594,
    0.5654592928543862,
    0.5747054822220516,
    0.5779136080096382,
    0.593323530167661,
    0.5921045765998164,
    0.6109503823498043,
    0.6355277737661369,
    0.619648557898529,
    0.6144178095819233,
    0.6402692714446495,
    0.6017191814721101,
    0.6071707923040255,
    0.6055937095659986,
    0.6381654223790997,
    0.6313494422656949,
    0.6179424526651082,
    0.6372341665429068,
    0.6176430406074225,
    0.6022158790051287,
    0.6340000828721607,
    0.6662875279260368,
    0.6604025076095211,
    0.583401094416246,
    0.5747212133344533,
    0.5823098675311768,
    0.5620038755297765,
    0.5473340971804139,
    0.5621267637976287,
    0.5268167996474041,
    0.5222294786157134,
    0.5662197636091009,
    0.544187601364391,
    0.5268659069963547,
    0.5164459583016758,
    0.506290169408858,
    0.5027545588443524,
    0.5336589490854922,
    0.5374582886735392,
    0.5316771650578174,
    0.49124634137030726,
    0.4972511778196713,
    0.5021222646140368,
    0.4511985832478708,
    0.4519170934948771,
    0.44190587958054756,
    0.4312544307320785,
    0.41550118725112667,
    0.37769498644538907,
    0.3778803818126464,
    0.37558479222217284,
    0.3824108956193711,
    0.398829947338499,
    0.4095202612656695,
    0.3991419259697238,
    0.37329108766195046,
    0.36448374436186937,
    0.33735316644867747,
    0.32918107156943416,
    0.34193148378655397,
    0.34507366533121636,
    0.29911064859828723,
    0.27524846159791866,
    0.2716218434256444,
    0.2701387870108812,
    0.26523639636242646,
    0.26648229091661385,
    0.2884595261733292,
    0.3012728397989565,
    0.29268304205355417,
    0.3031610100271598,
    0.3040333705694108,
    0.30028429385492567,
    0.3119909472853942,
    0.2991835386806529,
    0.26869304001413724,
    0.268247915214974,
    0.2645308072162048,
    0.2508402184111696,
    0.2345139036856911,
    0.23677796628749567,
    0.24058655146779476,
    0.25721435555672223,
    0.2506646762045793,
    0.24708534162221094
  ],
  "time_per_epoch": [
    0.00010800361633300781,
    9.775161743164062e-05,
    0.00017547607421875,
    0.00012254714965820312,
    8.916854858398438e-05,
    6.914138793945312e-05,
    5.340576171875e-05,
    5.340576171875e-05,
    6.437301635742188e-05,
    8.296966552734375e-05,
    0.0001347064971923828,
    0.00011301040649414062,
    8.916854858398438e-05,
    8.487701416015625e-05,
    7.200241088867188e-05,
    9.250640869140625e-05,
    7.700920104980469e-05,
    7.367134094238281e-05,
    0.00010895729064941406,
    0.0001010894775390625,
    0.00010633468627929688,
    9.5367431640625e-05,
    5.507469177246094e-05,
    0.00010323524475097656,
    0.0001461505889892578,
    8.940696716308594e-05,
    8.225440979003906e-05,
    8.0108642578125e-05,
    0.00010991096496582031,
    0.00014019012451171875,
    0.0002186298370361328,
    8.511543273925781e-05,
    9.34600830078125e-05,
    7.62939453125e-05,
    6.341934204101562e-05,
    9.751319885253906e-05,
    9.083747863769531e-05,
    0.00011682510375976562,
    0.00014281272888183594,
    0.00011563301086425781,
    0.00015091896057128906,
    9.870529174804688e-05,
    9.5367431640625e-05,
    9.298324584960938e-05,
    0.00017309188842773438,
    8.440017700195312e-05,
    0.00014543533325195312,
    9.799003601074219e-05,
    7.605552673339844e-05,
    9.107589721679688e-05,
    0.00011944770812988281,
    7.82012939453125e-05,
    7.200241088867188e-05,
    0.00011706352233886719,
    8.320808410644531e-05,
    8.106231689453125e-05,
    0.00011587142944335938,
    8.249282836914062e-05,
    4.863739013671875e-05,
    0.00011324882507324219,
    8.702278137207031e-05,
    8.654594421386719e-05,
    5.936622619628906e-05,
    6.794929504394531e-05,
    0.00010442733764648438,
    8.749961853027344e-05,
    6.151199340820312e-05,
    6.031990051269531e-05,
    7.581710815429688e-05,
    0.0001404285430908203,
    8.058547973632812e-05,
    8.726119995117188e-05,
    7.724761962890625e-05,
    9.560585021972656e-05,
    9.226799011230469e-05,
    9.679794311523438e-05,
    6.890296936035156e-05,
    8.487701416015625e-05,
    7.271766662597656e-05,
    6.127357482910156e-05,
    7.843971252441406e-05,
    8.7738037109375e-05,
    7.414817810058594e-05,
    0.00011801719665527344,
    0.00010347366333007812,
    8.606910705566406e-05,
    0.00010728836059570312,
    8.821487426757812e-05,
    6.461143493652344e-05,
    0.0001456737518310547,
    0.00012946128845214844,
    0.0001575946807861328,
    0.00014138221740722656,
    8.249282836914062e-05,
    0.00012183189392089844,
    9.489059448242188e-05,
    0.00010180473327636719,
    0.00011563301086425781,
    7.677078247070312e-05,
    0.000102996826171875
  ],
  "total_time": 0.06578326225280762,
  "converged": false,
  "final_epoch": 100,
  "final_loss": 0.24708534162221094,
  "processing_result": {
    "status": "PASS",
    "error": null,
    "detailed_metrics": {}
  }
}