{
  "puzzle_id": "992798f6",
  "phase": "training",
  "grid_size": 32,
  "train_examples": 4,
  "epochs": [
    1,
    2,
    3,
    4,
    5,
    6,
    7,
    8,
    9,
    10,
    11,
    12,
    13,
    14,
    15,
    16,
    17,
    18,
    19,
    20,
    21,
    22,
    23,
    24,
    25,
    26,
    27,
    28,
    29,
    30,
    31,
    32,
    33,
    34,
    35,
    36,
    37,
    38,
    39,
    40,
    41,
    42,
    43,
    44,
    45,
    46,
    47,
    48,
    49,
    50,
    51,
    52,
    53,
    54,
    55,
    56,
    57,
    58,
    59,
    60,
    61,
    62,
    63,
    64,
    65,
    66,
    67,
    68,
    69,
    70,
    71,
    72,
    73,
    74,
    75,
    76,
    77,
    78,
    79,
    80,
    81,
    82,
    83,
    84,
    85,
    86,
    87,
    88,
    89,
    90,
    91,
    92,
    93,
    94,
    95,
    96,
    97,
    98,
    99,
    100
  ],
  "loss_history": [
    0.6424923832951905,
    0.645001906055827,
    0.6740580443551965,
    0.692722215702869,
    0.741825236001573,
    0.6756877026830596,
    0.5829049019803658,
    0.56361744118395,
    0.5492367297885052,
    0.5508787942098166,
    0.542106758360753,
    0.5666900782906723,
    0.5855343544219394,
    0.5914112851062587,
    0.5707625538634711,
    0.5784073355994014,
    0.6036688295838757,
    0.6167656303685101,
    0.5602914296658643,
    0.5452593035027803,
    0.5108034512993447,
    0.5287315732909217,
    0.5564788178985499,
    0.55634327154174,
    0.5334292996259948,
    0.5215478153809394,
    0.5371304888642718,
    0.5199736293578134,
    0.48086105612758284,
    0.4571567254623031,
    0.4693616645668318,
    0.4299559400809904,
    0.4207074927713871,
    0.4258036905566843,
    0.4298038049933317,
    0.4456636418494897,
    0.430613263107896,
    0.40441493512835264,
    0.3993186830501453,
    0.3931483495555444,
    0.4360369023326889,
    0.45143135792158895,
    0.41585672560576964,
    0.44230128096167365,
    0.45826373258641984,
    0.4744963303906403,
    0.47405679391439903,
    0.45771945039320894,
    0.4384944221896288,
    0.46159879319344954,
    0.4685526577254606,
    0.48426712698606006,
    0.4604634980787477,
    0.4754271168228338,
    0.4631749686369875,
    0.4223178823665913,
    0.4357334812345224,
    0.45826138484480383,
    0.49531047597829414,
    0.47503081346460774,
    0.48731363265480365,
    0.45368972788169004,
    0.4465508138353849,
    0.39952532894131326,
    0.3584393940531564,
    0.34498401413099267,
    0.35342352312939995,
    0.36668248431163886,
    0.3735969312608416,
    0.35049639171956704,
    0.352283956297161,
    0.3629927969686194,
    0.35997169418731306,
    0.3249855696276475,
    0.3026062370643122,
    0.3044706364735514,
    0.29949499405877644,
    0.3198022653351392,
    0.2983422097319252,
    0.2881646823902211,
    0.27415565001948383,
    0.2722060731456455,
    0.28986279225637024,
    0.29664359245949734,
    0.31135143734810294,
    0.3062271030030079,
    0.3137801400708822,
    0.3346327190713364,
    0.31893755071531615,
    0.3333626895297377,
    0.33683832878798403,
    0.34593944238780583,
    0.34261869486636015,
    0.3418952891933358,
    0.33850673966682565,
    0.3842252908434781,
    0.36896869283392053,
    0.37590187590737983,
    0.3692013029539003,
    0.37602419511153173
  ],
  "time_per_epoch": [
    0.0001933574676513672,
    0.0001418590545654297,
    0.0001575946807861328,
    9.369850158691406e-05,
    0.00012183189392089844,
    0.0001552104949951172,
    0.0003960132598876953,
    0.0002770423889160156,
    0.0003364086151123047,
    0.00015497207641601562,
    0.0001647472381591797,
    7.677078247070312e-05,
    0.00012755393981933594,
    0.0001652240753173828,
    0.0001323223114013672,
    0.0001366138458251953,
    0.00012946128845214844,
    0.00010132789611816406,
    0.00013494491577148438,
    0.00011324882507324219,
    0.00031185150146484375,
    0.0001900196075439453,
    0.00014853477478027344,
    0.00023221969604492188,
    0.00011420249938964844,
    8.225440979003906e-05,
    0.00010895729064941406,
    8.893013000488281e-05,
    0.0003116130828857422,
    0.0001652240753173828,
    0.00023055076599121094,
    0.00015878677368164062,
    0.00011849403381347656,
    0.00010514259338378906,
    0.00027108192443847656,
    0.00019407272338867188,
    9.918212890625e-05,
    9.369850158691406e-05,
    0.00010800361633300781,
    0.0001595020294189453,
    0.0004763603210449219,
    0.00022339820861816406,
    8.821487426757812e-05,
    7.772445678710938e-05,
    0.0001380443572998047,
    0.00011205673217773438,
    0.00010132789611816406,
    0.00020742416381835938,
    9.1552734375e-05,
    0.00021147727966308594,
    0.00018739700317382812,
    0.00016570091247558594,
    0.00016570091247558594,
    0.003073453903198242,
    0.00013709068298339844,
    0.0001068115234375,
    0.0002346038818359375,
    0.00015282630920410156,
    9.226799011230469e-05,
    0.00010013580322265625,
    9.989738464355469e-05,
    0.00019073486328125,
    7.796287536621094e-05,
    0.00011014938354492188,
    8.249282836914062e-05,
    0.00013756752014160156,
    6.365776062011719e-05,
    0.00010943412780761719,
    9.465217590332031e-05,
    0.00010991096496582031,
    0.00011610984802246094,
    8.153915405273438e-05,
    8.749961853027344e-05,
    7.677078247070312e-05,
    7.915496826171875e-05,
    0.00011229515075683594,
    0.00010132789611816406,
    9.202957153320312e-05,
    9.632110595703125e-05,
    7.462501525878906e-05,
    0.0001049041748046875,
    8.821487426757812e-05,
    7.963180541992188e-05,
    0.00019288063049316406,
    0.0001087188720703125,
    9.34600830078125e-05,
    0.00010323524475097656,
    0.00012159347534179688,
    0.00011754035949707031,
    7.772445678710938e-05,
    0.00010895729064941406,
    0.0001327991485595703,
    0.00011014938354492188,
    6.961822509765625e-05,
    8.273124694824219e-05,
    8.511543273925781e-05,
    7.677078247070312e-05,
    0.0001239776611328125,
    6.270408630371094e-05,
    0.00010585784912109375
  ],
  "total_time": 0.0769050121307373,
  "converged": false,
  "final_epoch": 100,
  "final_loss": 0.37602419511153173,
  "processing_result": {
    "status": "PASS",
    "error": null,
    "detailed_metrics": {}
  }
}