{
  "puzzle_id": "79cce52d",
  "phase": "training",
  "grid_size": 32,
  "train_examples": 3,
  "epochs": [
    1,
    2,
    3,
    4,
    5,
    6,
    7,
    8,
    9,
    10,
    11,
    12,
    13,
    14,
    15,
    16,
    17,
    18,
    19,
    20,
    21,
    22,
    23,
    24,
    25,
    26,
    27,
    28,
    29,
    30,
    31,
    32,
    33,
    34,
    35,
    36,
    37,
    38,
    39,
    40,
    41,
    42,
    43,
    44,
    45,
    46,
    47,
    48,
    49,
    50
  ],
  "loss_history": [
    0.45264385974444643,
    0.451223570168297,
    0.44917127315194666,
    0.44792942988303147,
    0.4494591618374682,
    0.4502513627664144,
    0.44942158887024464,
    0.45009182703249645,
    0.44860516643367143,
    0.451030948429097,
    0.4520907878751526,
    0.4499042553822548,
    0.4488587914669886,
    0.44886691317908406,
    0.4463447526678344,
    0.4454864934830732,
    0.44513397095794116,
    0.4477063781661516,
    0.44811461594559754,
    0.4474316912581857,
    0.4466477168372574,
    0.44717897759147646,
    0.44815228865401546,
    0.4484729853820541,
    0.44962401101463145,
    0.4476152856510189,
    0.44877888276094335,
    0.4495941858451053,
    0.44905576449660495,
    0.44808392755179316,
    0.44750298688841744,
    0.448600248602992,
    0.4484764472290203,
    0.4478209727072537,
    0.4463862760001433,
    0.4453959308502011,
    0.4444223216632078,
    0.4443140752557119,
    0.44503982750953724,
    0.44457753732523564,
    0.44426653543069844,
    0.4431237172714953,
    0.44088403900730705,
    0.4409790464704429,
    0.4403239788432686,
    0.43719582515030786,
    0.43645721709633795,
    0.43630352589228066,
    0.43767850482308795,
    0.4384687242807919
  ],
  "time_per_epoch": [
    0.0002536773681640625,
    5.817413330078125e-05,
    5.435943603515625e-05,
    5.626678466796875e-05,
    0.00015544891357421875,
    0.00010180473327636719,
    0.00011181831359863281,
    0.00013756752014160156,
    7.724761962890625e-05,
    7.271766662597656e-05,
    7.152557373046875e-05,
    7.05718994140625e-05,
    7.43865966796875e-05,
    7.724761962890625e-05,
    7.176399230957031e-05,
    9.751319885253906e-05,
    8.869171142578125e-05,
    6.175041198730469e-05,
    0.00010132789611816406,
    8.511543273925781e-05,
    8.749961853027344e-05,
    0.00010228157043457031,
    0.00013709068298339844,
    7.891654968261719e-05,
    8.893013000488281e-05,
    0.00010371208190917969,
    8.654594421386719e-05,
    9.560585021972656e-05,
    0.00013065338134765625,
    8.249282836914062e-05,
    7.748603820800781e-05,
    0.0001404285430908203,
    9.059906005859375e-05,
    9.322166442871094e-05,
    8.940696716308594e-05,
    8.535385131835938e-05,
    7.534027099609375e-05,
    8.58306884765625e-05,
    9.655952453613281e-05,
    9.298324584960938e-05,
    8.797645568847656e-05,
    8.893013000488281e-05,
    9.1552734375e-05,
    8.487701416015625e-05,
    8.392333984375e-05,
    9.799003601074219e-05,
    8.678436279296875e-05,
    0.00011467933654785156,
    9.202957153320312e-05,
    7.510185241699219e-05
  ],
  "total_time": 0.021068572998046875,
  "converged": false,
  "final_epoch": 50,
  "final_loss": 0.4384687242807919,
  "processing_result": {
    "status": "PASS",
    "error": null,
    "detailed_metrics": {}
  }
}