{
  "puzzle_id": "845d6e51",
  "phase": "training",
  "grid_size": 32,
  "train_examples": 3,
  "epochs": [
    1,
    2,
    3,
    4,
    5,
    6,
    7,
    8,
    9,
    10,
    11,
    12,
    13,
    14,
    15,
    16,
    17,
    18,
    19,
    20,
    21,
    22,
    23,
    24,
    25,
    26,
    27,
    28,
    29,
    30,
    31,
    32,
    33,
    34,
    35,
    36,
    37,
    38,
    39,
    40,
    41,
    42,
    43,
    44,
    45,
    46,
    47,
    48,
    49,
    50
  ],
  "loss_history": [
    0.37803975443093035,
    0.3771592370600269,
    0.37861507659396754,
    0.377279647466763,
    0.37773725760053045,
    0.37790986638353985,
    0.378434474922921,
    0.37872743973493034,
    0.37863704392054315,
    0.3789858576862173,
    0.37957717470737523,
    0.38043707044610353,
    0.38208234509310507,
    0.3814301288859014,
    0.3816445731833866,
    0.3838757854624936,
    0.38584658194980825,
    0.3852159179435213,
    0.3854123605772264,
    0.3846712381701467,
    0.3827347186515913,
    0.38235840234058777,
    0.38205688541037713,
    0.38210392767386775,
    0.38099602823320505,
    0.3802034067190161,
    0.3794603395940143,
    0.3776129080241993,
    0.3772885250497686,
    0.3759348848775687,
    0.3774815515350675,
    0.3779561687308825,
    0.3767579842954543,
    0.37703287872126295,
    0.37751362478502365,
    0.3757364366441897,
    0.374078087459939,
    0.3733579225970942,
    0.37544870642478445,
    0.376080916801054,
    0.37640046763996765,
    0.3761329902133417,
    0.37802045434693926,
    0.37834347672760865,
    0.37714067019841524,
    0.3761913691987024,
    0.37746245859424316,
    0.37657056984653686,
    0.376916349069981,
    0.3777190717325197
  ],
  "time_per_epoch": [
    0.00010609626770019531,
    0.00012540817260742188,
    9.918212890625e-05,
    0.0001342296600341797,
    7.653236389160156e-05,
    5.984306335449219e-05,
    7.605552673339844e-05,
    7.367134094238281e-05,
    7.009506225585938e-05,
    6.413459777832031e-05,
    5.14984130859375e-05,
    5.054473876953125e-05,
    0.00012087821960449219,
    8.130073547363281e-05,
    9.226799011230469e-05,
    8.416175842285156e-05,
    8.487701416015625e-05,
    8.130073547363281e-05,
    8.130073547363281e-05,
    8.487701416015625e-05,
    8.273124694824219e-05,
    8.344650268554688e-05,
    0.0002353191375732422,
    0.00020241737365722656,
    0.000209808349609375,
    8.702278137207031e-05,
    8.535385131835938e-05,
    8.893013000488281e-05,
    8.535385131835938e-05,
    7.390975952148438e-05,
    0.00029087066650390625,
    6.246566772460938e-05,
    7.486343383789062e-05,
    6.818771362304688e-05,
    4.982948303222656e-05,
    6.222724914550781e-05,
    6.389617919921875e-05,
    7.867813110351562e-05,
    7.05718994140625e-05,
    7.367134094238281e-05,
    0.00014543533325195312,
    7.534027099609375e-05,
    0.00010085105895996094,
    7.987022399902344e-05,
    0.0002961158752441406,
    0.0001575946807861328,
    8.654594421386719e-05,
    0.00011587142944335938,
    0.00014328956604003906,
    9.465217590332031e-05
  ],
  "total_time": 0.025080204010009766,
  "converged": false,
  "final_epoch": 50,
  "final_loss": 0.3777190717325197,
  "processing_result": {
    "status": "PASS",
    "error": null,
    "detailed_metrics": {}
  }
}