{
  "puzzle_id": "9dfd6313",
  "phase": "training",
  "grid_size": 32,
  "train_examples": 3,
  "epochs": [
    1,
    2,
    3,
    4,
    5,
    6,
    7,
    8,
    9,
    10,
    11,
    12,
    13,
    14,
    15,
    16,
    17,
    18,
    19,
    20,
    21,
    22,
    23,
    24,
    25,
    26,
    27,
    28,
    29,
    30,
    31,
    32,
    33,
    34,
    35,
    36,
    37,
    38,
    39,
    40,
    41,
    42,
    43,
    44,
    45,
    46,
    47,
    48,
    49,
    50,
    51,
    52,
    53,
    54,
    55,
    56,
    57,
    58,
    59,
    60,
    61,
    62,
    63,
    64,
    65,
    66,
    67,
    68,
    69,
    70,
    71,
    72,
    73,
    74,
    75,
    76,
    77,
    78,
    79,
    80,
    81,
    82,
    83,
    84,
    85,
    86,
    87,
    88,
    89,
    90,
    91,
    92,
    93,
    94,
    95,
    96,
    97,
    98,
    99,
    100
  ],
  "loss_history": [
    0.5474889277546741,
    0.5842904595636192,
    0.5577264379116368,
    0.5326938321394749,
    0.5183850493007497,
    0.4749233210552862,
    0.4892585546909414,
    0.4910724839557398,
    0.4842724578854316,
    0.5011618074233786,
    0.5006375434101941,
    0.5296494575556127,
    0.5016288427545076,
    0.47810880878430045,
    0.502323278541608,
    0.5079219295182429,
    0.5008028453690037,
    0.5158626463974038,
    0.5275040413890001,
    0.5386684292772704,
    0.5236410445093344,
    0.5390437314223744,
    0.5505124678986486,
    0.5648776501540516,
    0.6087848944133214,
    0.5815504527470535,
    0.5408197405665409,
    0.5191145105368463,
    0.5126304374342201,
    0.4707076246757392,
    0.45813588755429474,
    0.4527642587727581,
    0.46477074873166196,
    0.47130291278115993,
    0.510382407397029,
    0.5262022262312399,
    0.5420669725423367,
    0.5863182089886991,
    0.5711442795816969,
    0.5666264672763877,
    0.564237267683025,
    0.5380602942674988,
    0.5449181717408308,
    0.5409086875723133,
    0.5416139922630633,
    0.5445338651875845,
    0.5552631186460568,
    0.5678127947222766,
    0.5345612974993116,
    0.5253620910753573,
    0.5318209148853895,
    0.5261580222911405,
    0.47893266217641833,
    0.4408459976104364,
    0.4350036902499787,
    0.4408368910282752,
    0.45703365985334155,
    0.4928291320172709,
    0.48708673017024334,
    0.4787425341807743,
    0.4795271340439402,
    0.48101089211632947,
    0.4880716661471403,
    0.4654055827844215,
    0.4980309601424839,
    0.5145600453665188,
    0.49870833135249915,
    0.5171970720025191,
    0.5038102761457672,
    0.4986212515990647,
    0.4938724164478849,
    0.47858670922656493,
    0.49962822847574584,
    0.4845923194681608,
    0.4537396904396953,
    0.4353221551169542,
    0.41566786136964495,
    0.38188068199216235,
    0.36442403702389575,
    0.34383351574823323,
    0.3662641849023358,
    0.36361291360602305,
    0.35743775372876563,
    0.351139638480445,
    0.3563848290684855,
    0.3697245152757041,
    0.38169684874807785,
    0.4037761418344248,
    0.39503179143048167,
    0.4011296352393991,
    0.3947284596612766,
    0.3711953554796299,
    0.3606890716172644,
    0.36389561944266086,
    0.3627244627909052,
    0.3381550885672282,
    0.3131772274138231,
    0.28660853022021565,
    0.2855556851972337,
    0.2752598160029795
  ],
  "time_per_epoch": [
    0.00014019012451171875,
    8.511543273925781e-05,
    0.00026106834411621094,
    0.00012421607971191406,
    0.0001499652862548828,
    8.678436279296875e-05,
    7.653236389160156e-05,
    0.0002090930938720703,
    0.00010991096496582031,
    9.775161743164062e-05,
    0.00019812583923339844,
    8.916854858398438e-05,
    0.00020551681518554688,
    8.058547973632812e-05,
    0.00010657310485839844,
    8.678436279296875e-05,
    9.226799011230469e-05,
    0.00015735626220703125,
    9.894371032714844e-05,
    0.00011014938354492188,
    0.00010728836059570312,
    9.012222290039062e-05,
    8.511543273925781e-05,
    9.107589721679688e-05,
    9.322166442871094e-05,
    9.632110595703125e-05,
    8.296966552734375e-05,
    8.606910705566406e-05,
    0.00011301040649414062,
    0.0002486705780029297,
    9.703636169433594e-05,
    0.0001723766326904297,
    7.796287536621094e-05,
    8.535385131835938e-05,
    9.846687316894531e-05,
    8.487701416015625e-05,
    8.344650268554688e-05,
    7.867813110351562e-05,
    0.00011348724365234375,
    0.0001571178436279297,
    6.270408630371094e-05,
    9.322166442871094e-05,
    6.198883056640625e-05,
    0.00010395050048828125,
    9.274482727050781e-05,
    8.153915405273438e-05,
    7.724761962890625e-05,
    8.535385131835938e-05,
    0.00010585784912109375,
    9.036064147949219e-05,
    8.845329284667969e-05,
    0.00011420249938964844,
    0.00015091896057128906,
    8.130073547363281e-05,
    6.4849853515625e-05,
    9.298324584960938e-05,
    7.581710815429688e-05,
    7.748603820800781e-05,
    7.772445678710938e-05,
    7.128715515136719e-05,
    5.984306335449219e-05,
    0.00017404556274414062,
    8.821487426757812e-05,
    7.772445678710938e-05,
    6.127357482910156e-05,
    7.677078247070312e-05,
    6.222724914550781e-05,
    8.96453857421875e-05,
    5.125999450683594e-05,
    5.173683166503906e-05,
    5.245208740234375e-05,
    6.103515625e-05,
    5.078315734863281e-05,
    5.9604644775390625e-05,
    8.440017700195312e-05,
    8.0108642578125e-05,
    9.322166442871094e-05,
    6.4849853515625e-05,
    4.696846008300781e-05,
    4.553794860839844e-05,
    8.130073547363281e-05,
    5.412101745605469e-05,
    7.581710815429688e-05,
    5.841255187988281e-05,
    6.4849853515625e-05,
    0.0001366138458251953,
    7.128715515136719e-05,
    5.5789947509765625e-05,
    7.62939453125e-05,
    7.62939453125e-05,
    8.654594421386719e-05,
    7.891654968261719e-05,
    7.271766662597656e-05,
    8.702278137207031e-05,
    7.05718994140625e-05,
    7.724761962890625e-05,
    0.00011539459228515625,
    6.651878356933594e-05,
    8.606910705566406e-05,
    7.843971252441406e-05
  ],
  "total_time": 0.055298805236816406,
  "converged": false,
  "final_epoch": 100,
  "final_loss": 0.2752598160029795,
  "processing_result": {
    "status": "PASS",
    "error": null,
    "detailed_metrics": {}
  }
}