{
  "puzzle_id": "ce9e57f2",
  "phase": "training",
  "grid_size": 32,
  "train_examples": 3,
  "epochs": [
    1,
    2,
    3,
    4,
    5,
    6,
    7,
    8,
    9,
    10,
    11,
    12,
    13,
    14,
    15,
    16,
    17,
    18,
    19,
    20,
    21,
    22,
    23,
    24,
    25,
    26,
    27,
    28,
    29,
    30,
    31,
    32,
    33,
    34,
    35,
    36,
    37,
    38,
    39,
    40,
    41,
    42,
    43,
    44,
    45,
    46,
    47,
    48,
    49,
    50,
    51,
    52,
    53,
    54,
    55,
    56,
    57,
    58,
    59,
    60,
    61,
    62,
    63,
    64,
    65,
    66,
    67,
    68,
    69,
    70,
    71,
    72,
    73,
    74,
    75,
    76,
    77,
    78,
    79,
    80,
    81,
    82,
    83,
    84,
    85,
    86,
    87,
    88,
    89,
    90,
    91,
    92,
    93,
    94,
    95,
    96,
    97,
    98,
    99,
    100
  ],
  "loss_history": [
    0.4591197581158233,
    0.45498028957893427,
    0.4654844830684044,
    0.4184609268923216,
    0.3934686174795094,
    0.38957271458616377,
    0.3844900768229155,
    0.38125097513828204,
    0.41600653736975857,
    0.4754931904807271,
    0.477107008701813,
    0.47154097533640194,
    0.5029787382622916,
    0.5235672658879648,
    0.5289616139659028,
    0.5262716477568422,
    0.48384088070206355,
    0.47224248396887697,
    0.48273196628207343,
    0.48830641277926246,
    0.45283407740993614,
    0.4385354820403289,
    0.4488779220763172,
    0.42114805005430683,
    0.4355100562849789,
    0.43130824154193886,
    0.42222162223301596,
    0.4306583217621112,
    0.44888018104838284,
    0.44884680467666427,
    0.42443925299751734,
    0.4297471820852133,
    0.47067559799289543,
    0.4333809785459024,
    0.3869830064660575,
    0.3817040163090541,
    0.37089291947736563,
    0.37199869450986056,
    0.3701347551551983,
    0.37196243406932616,
    0.37183609628768893,
    0.3967747126190552,
    0.3783054604874733,
    0.34806397267416295,
    0.32313613830444404,
    0.30201282507895877,
    0.30735592637407355,
    0.2822602886219299,
    0.2814921900664668,
    0.2946780532872127,
    0.3123871265635834,
    0.3443166553260694,
    0.38178700229923024,
    0.3703868616304307,
    0.3568792241423733,
    0.362155491155987,
    0.3659123430202437,
    0.3560816397667182,
    0.35169343601677455,
    0.3685296381038727,
    0.3362181347054493,
    0.3226632369600658,
    0.33820237246618506,
    0.34902104109371074,
    0.3418812226538745,
    0.3410841580702368,
    0.3447083439710268,
    0.32809771028003815,
    0.3366996772453857,
    0.35883539602406983,
    0.3761886536079746,
    0.3721808843884371,
    0.3550427142849224,
    0.34835767448400184,
    0.32712753475037054,
    0.29823735982511335,
    0.30396242294148273,
    0.30625118007793944,
    0.30041318945455064,
    0.31253447483900115,
    0.31895425139751016,
    0.3115065934891285,
    0.3259567589033093,
    0.37117926974795257,
    0.39960265047267995,
    0.3611024335805508,
    0.3396528606458948,
    0.3384656063599312,
    0.3187149818699917,
    0.3240644492450048,
    0.3201030706315557,
    0.3432772274930782,
    0.3654804166963017,
    0.362467955663255,
    0.365537719949818,
    0.3596191560042639,
    0.3607099947673839,
    0.35419366194972124,
    0.31232336173607517,
    0.3018250920725884
  ],
  "time_per_epoch": [
    0.0001556873321533203,
    9.012222290039062e-05,
    8.893013000488281e-05,
    6.413459777832031e-05,
    0.0001671314239501953,
    0.0001270771026611328,
    7.867813110351562e-05,
    8.463859558105469e-05,
    8.630752563476562e-05,
    7.653236389160156e-05,
    8.726119995117188e-05,
    7.367134094238281e-05,
    6.580352783203125e-05,
    0.00011610984802246094,
    8.416175842285156e-05,
    7.319450378417969e-05,
    9.179115295410156e-05,
    0.00012302398681640625,
    0.00010395050048828125,
    8.58306884765625e-05,
    8.20159912109375e-05,
    0.00013947486877441406,
    0.0002014636993408203,
    8.845329284667969e-05,
    8.177757263183594e-05,
    0.00017714500427246094,
    6.723403930664062e-05,
    0.00018668174743652344,
    0.00011301040649414062,
    8.320808410644531e-05,
    8.463859558105469e-05,
    0.00015664100646972656,
    8.320808410644531e-05,
    0.00013208389282226562,
    0.0001690387725830078,
    8.630752563476562e-05,
    0.00013256072998046875,
    9.107589721679688e-05,
    8.58306884765625e-05,
    0.0002357959747314453,
    8.96453857421875e-05,
    7.581710815429688e-05,
    7.176399230957031e-05,
    6.747245788574219e-05,
    6.628036499023438e-05,
    8.559226989746094e-05,
    8.630752563476562e-05,
    8.249282836914062e-05,
    8.702278137207031e-05,
    9.322166442871094e-05,
    0.00016832351684570312,
    8.726119995117188e-05,
    8.487701416015625e-05,
    8.535385131835938e-05,
    9.036064147949219e-05,
    8.273124694824219e-05,
    0.00010561943054199219,
    7.081031799316406e-05,
    7.82012939453125e-05,
    6.937980651855469e-05,
    8.153915405273438e-05,
    5.9604644775390625e-05,
    6.103515625e-05,
    6.175041198730469e-05,
    0.0002777576446533203,
    8.296966552734375e-05,
    7.534027099609375e-05,
    7.104873657226562e-05,
    9.226799011230469e-05,
    7.772445678710938e-05,
    9.72747802734375e-05,
    8.106231689453125e-05,
    7.939338684082031e-05,
    9.131431579589844e-05,
    9.202957153320312e-05,
    0.00013971328735351562,
    8.487701416015625e-05,
    0.00010704994201660156,
    8.940696716308594e-05,
    9.250640869140625e-05,
    8.606910705566406e-05,
    8.7738037109375e-05,
    0.00022721290588378906,
    7.867813110351562e-05,
    6.270408630371094e-05,
    0.0001723766326904297,
    0.00023126602172851562,
    5.817413330078125e-05,
    5.6743621826171875e-05,
    8.296966552734375e-05,
    5.054473876953125e-05,
    9.5367431640625e-05,
    8.916854858398438e-05,
    6.532669067382812e-05,
    6.866455078125e-05,
    7.104873657226562e-05,
    7.104873657226562e-05,
    7.009506225585938e-05,
    5.745887756347656e-05,
    7.700920104980469e-05
  ],
  "total_time": 0.05731987953186035,
  "converged": false,
  "final_epoch": 100,
  "final_loss": 0.3018250920725884,
  "processing_result": {
    "status": "PASS",
    "error": null,
    "detailed_metrics": {}
  }
}